<?xml version="1.0" encoding="UTF-8"?>
<project-private xmlns="http://www.netbeans.org/ns/project-private/1">
    <editor-bookmarks xmlns="http://www.netbeans.org/ns/editor-bookmarks/2" lastBookmarkId="0"/>
    <open-files xmlns="http://www.netbeans.org/ns/projectui-open-files/2">
        <group>
            <file>file:/C:/Users/hierro.melo/Documents/NetBeansProjects/AppStartup/src/forms/ViewProduto.java</file>
            <file>file:/C:/Users/hierro.melo/Documents/NetBeansProjects/AppStartup/src/beans/Produto.java</file>
            <file>file:/C:/Users/hierro.melo/Documents/NetBeansProjects/AppStartup/src/conexao/Conexao.java</file>
            <file>file:/C:/Users/hierro.melo/Documents/NetBeansProjects/AppStartup/src/imagens/Logotipo_-_VisonTech_1-removebg-preview.png</file>
            <file>file:/C:/Users/hierro.melo/Documents/NetBeansProjects/AppStartup/src/forms/ViewLogin.java</file>
            <file>file:/C:/Users/hierro.melo/Documents/NetBeansProjects/AppStartup/src/forms/ViewRelatorioProduto.java</file>
        </group>
    </open-files>
</project-private>
